Model,Accuracy,Precision,Recall,F1-Score,AUC
Logistic Regression (Weighted),0.7381121362668559,0.504302925989673,0.7834224598930482,0.6136125654450262,0.8417318969748638
Logistic Regression (SMOTE),0.7352732434350603,0.5009523809523809,0.7032085561497327,0.5850945494994438,0.8188509132243147
XGBoost (Weighted),0.7572746628814763,0.5327868852459017,0.6951871657754011,0.6032482598607889,0.8194115063680281
Random Forest (SMOTE),0.7572746628814763,0.5375586854460094,0.6122994652406417,0.5725,0.8182270273063111
Logistic Regression,0.8062455642299503,0.6593059936908517,0.5588235294117647,0.6049204052098408,
Random Forest (Weighted),0.7955997161107168,0.6452702702702703,0.5106951871657754,0.5701492537313433,0.8247991423183239
Random Forest,0.7913413768630234,0.6360544217687075,0.5,0.5598802395209581,
XGBoost,0.7721788502484032,0.5830721003134797,0.4973262032085561,0.5367965367965368,
