Model,Accuracy,Precision,Recall,F1-Score
Logistic Regression,0.8062455642299503,0.6593059936908517,0.5588235294117647,0.6049204052098408
Random Forest,0.7913413768630234,0.6360544217687075,0.5,0.5598802395209581
XGBoost,0.7721788502484032,0.5830721003134797,0.49732620320855614,0.5367965367965368
