Model,Accuracy,Precision,Recall,F1-Score,AUC
Logistic Regression,0.8048261178140526,0.6666666666666666,0.5294117647058824,0.5901639344262295,0.8490066909504249
Random Forest,0.7877927608232789,0.6334519572953736,0.47593582887700536,0.5435114503816794,0.8251259397039448
XGBoost,0.7764371894960965,0.5896656534954408,0.5187165775401069,0.5519203413940256,0.822379808313312
